Neighborhood,section
Ameerpet,Central
Begumpet,Central
SR Nagar,Central
Prakash Nagar,Central
Punjagutta,Central
Balkampet,Central
Sanathnagar,Central
Bharat Nagar,Central
Erragadda,Central
Borabanda,Central
Moti Nagar,Central
Khairatabad,Central
Somajiguda,Central
Raj Bhavan Road,Central
Lakdikapool,Central
Saifabad,Central
A.C. Guards,Central
Masab Tank,Central
Chintal Basti,Central
Musheerabad,Central
Chikkadpally,Central
Himayatnagar,Central
Ashok Nagar,Central
Domalguda,Central
Hyderguda,Central
Ramnagar,Central
Azamabad,Central
Adikmet,Central
Nallakunta,Central
Shanker Mutt,Central
RTC X Roads,Central
Bagh Lingampally,Central
Vidyanagar,Central
Amberpet,Central
Tilaknagar,Central
Golnaka,Central
Barkatpura,Central
Shivam Road,Central
Jamia Osmania,Central
Kachiguda,Central
Badichowdi,Central
Nampally,Central
Abids,Central
Aghapura,Central
Koti,Central
Bank Street,Central
Boggulkunta,Central
Secunderabad,Central
Chilkalguda,Central
Kavadiguda,Central
MG Road (James Street),Central
Madannapet,Central
Minister Road,Central
Mylargadda,Central
Namalagundu,Central
Padmarao Nagar,Central
Pan bazar,Central
Parsigutta,Central
Patny,Central
Rani Gunj,Central
RP Road,Central
Sindhi Colony,Central
Sitaphalmandi,Central
Tarnaka,Central
Warsiguda,Central
Secunderabad Cantt.,Central
Bowenpally,Central
Karkhana,Central
Marredpally,Central
Sikh Village,Central
Trimulgherry,Central
Vikrampuri,Central
,Old City
Afzal Gunj,Old City
Aliabad,Old City
Alijah Kotla,Old City
Asif Nagar,Old City
Azampura,Old City
Barkas,Old City
Bazarghat,Old City
Begum Bazaar,Old City
Chaderghat,Old City
Chanchalguda,Old City
Chandrayan Gutta,Old City
Chatta Bazaar,Old City
Dabirpura,Old City
Dar-ul-Shifa,Old City
Dhoolpet,Old City
Edi Bazar,Old City
Falaknuma,Old City
Karwan,Old City
Malakpet,Old City
Moghalpura,Old City
Jahanuma,Old City
Laad Bazaar,Old City
Lal Darwaza,Old City
"Madina, Hyderabad",Old City
Maharajgunj,Old City
Mehboob ki Mehendi,Old City
Mir Alam Tank,Old City
Mozamjahi Market,Old City
Nawab Saheb Kunta,Old City
Nayapul,Old City
Noorkhan Bazar,Old City
Pisal Banda,Old City
Purana pul,Old City
Putlibowli,Old City
Rein Bazar,Old City
Shahran Market,Old City
Shah Ali Banda,Old City
Sultan Bazar,Old City
Udden Gadda,Old City
Uppuguda,Old City
Yakutpura,Old City
HITEC City,Western
Madhapur,Western
Kondapur,Western
Jubilee Hills,Western
Banjara Hills,Western
Film Nagar,Western
Yousufguda,Western
Srinagar colony,Western
Gachibowli,Western
Raidurg,Western
Khajaguda,Western
Manikonda,Western
Nanakramguda,Western
Serilingampally,North Western
Chanda Nagar,North Western
Hafeezpet,North Western
Madeenaguda,North Western
Miyapur,North Western
Kukatpally,North Western
Allwyn Colony,North Western
Bachupally,North Western
KPHB,North Western
Nizampet,North Western
Pragathi Nagar,North Western
Moosapet,North Western
Patancheru,North Western
BHEL Township,North Western
RC Puram,North Western
Balanagar,Northern
Fateh Nagar,Northern
Ferozguda,Northern
Old Bowenpally,Northern
Hasmathpet,Northern
Qutbullapur,Northern
Jeedimetla,Northern
Jagadgirigutta,Northern
Suraram,Northern
Pet Basheerabad,Northern
Kompally,Northern
Suchitra Center,Northern
Kandlakoya,Northern
Alwal,Northern
Lothkunta,Northern
Old Alwal,Northern
Macha Bollaram,Northern
Venkatapuram,Northern
Shamirpet,Northern
Malkajgiri,North Eastern
Anandbagh,North Eastern
Ammuguda,North Eastern
Gautham Nagar,North Eastern
Kakatiya Nagar,North Eastern
Vinayak Nagar,North Eastern
Moula-Ali,North Eastern
Neredmet,North Eastern
Old Neredmet,North Eastern
Safilguda,North Eastern
Sainikpuri,North Eastern
Yapral,North Eastern
Kapra,North Eastern
A. S. Rao Nagar,North Eastern
ECIL 'X' Roads,North Eastern
Kamala Nagar,North Eastern
Kushaiguda,North Eastern
Cherlapally,North Eastern
Keesara,North Eastern
Nagaram,North Eastern
Dammaiguda,North Eastern
Jawaharnagar,North Eastern
Rampally,North Eastern
Cheriyal,North Eastern
Uppal,Eastern
Habsiguda,Eastern
Ramanthapur,Eastern
Boduppal,Eastern
Nagole,Eastern
Nacharam,Eastern
Mallapur,Eastern
Ghatkesar,Eastern
Peerzadiguda,Eastern
Chengicherla,Eastern
Pocharam,Eastern
Narapally,Eastern
Medipally,Eastern
Dilsukhnagar,South Eastern
Kothapet,South Eastern
Gaddiannaram,South Eastern
Moosarambagh,South Eastern
LB Nagar,South Eastern
Bairamalguda,South Eastern
Chintalakunta,South Eastern
Vanasthalipuram,South Eastern
Hastinapuram,South Eastern
Saroornagar,South Eastern
Badangpet,South Eastern
Balapur,South Eastern
Champapet,South Eastern
Jillelguda,South Eastern
Karmanghat,South Eastern
Lingojiguda,South Eastern
Meerpet,South Eastern
Sanghi Nagar,South Eastern
Santoshnagar,South Eastern
Hayathnagar,South Eastern
Ibrahim patnam,South Eastern
Mehdipatnam,South Western
Toli chowki,South Western
Gudimalkapur,South Western
Langar Houz,South Western
Laxminagar Colony,South Western
Mallepally,South Western
Padmanabha Nagar Colony,South Western
Red Hills,South Western
Rajendranagar,South Western
Attapur,South Western
Bandlaguda,South Western
Gandipet,South Western
Kismatpur,South Western
Narsingi,South Western
Puppalguda,South Western
Shamshabad,South Western
Rajiv Gandhi International Airport,South Western
Umdanagar,South Western
